Workbook

Sheet Sheet1
A1: STT | B1: TINH | C1: TINH FULL | D1: STT2 | E1: HUYEN | F1: HUYEN FULL | G1: STT3 | H1: Phân loại | I1: PHUONG FULL | J1: PHUONG
A2: 01 | B2: Hà Nội | C2: Thành phố Hà Nội | D2: 001 | E2: Ba Đình | F2: Quận Ba Đình | G2: 00001 | H2: Phường | I2: Phường Phúc Xá | J2: Phúc Xá | K2: 14 | L2: =INDEX([1]Sheet1!$G:$G,K2+1) -> Phường Hồng Hà | M2: {=IFERROR( MATCH(1, (B2=Sheet1!$B$2:$B$108)* ISNUMBER(SEARCH(J2,Sheet2!$E$2:$E$108))* (E2=Sheet2!$D$2:$D$108), 0), IFERROR(MATCH(1, (B2=Sheet2!$B$2:$B$108)* ISNUMBER(SEARCH(J2,Sheet2!$E$2:$E$108)), 0),0))} -> 0 | N2: =IF(M2=0,FALSE,TRUE) -> FALSE
A3: 01 | B3: Hà Nội | C3: Thành phố Hà Nội | D3: 001 | E3: Ba Đình | F3: Quận Ba Đình | G3: 00004 | H3: Phường | I3: Phường Trúc Bạch | J3: Trúc Bạch | K3: 3 | L3: =INDEX([1]Sheet1!$G:$G,K3+1) -> Phường Ba Đình | M3: {=IFERROR( MATCH(1, (B3=Sheet1!$B$2:$B$108)* ISNUMBER(SEARCH(J3,Sheet2!$E$2:$E$108))* (E3=Sheet2!$D$2:$D$108), 0), IFERROR(MATCH(1, (B3=Sheet2!$B$2:$B$108)* ISNUMBER(SEARCH(J3,Sheet2!$E$2:$E$108)), 0),0))} -> 0 | N3: =IF(M3=0,FALSE,TRUE) -> FALSE
A4: 01 | B4: Hà Nội | C4: Thành phố Hà Nội | D4: 001 | E4: Ba Đình | F4: Quận Ba Đình | G4: 00006 | H4: Phường | I4: Phường Vĩnh Phúc | J4: Vĩnh Phúc | K4: 4 | L4: =INDEX([1]Sheet1!$G:$G,K4+1) -> Phường Ngọc Hà | M4: {=IFERROR( MATCH(1, (B4=Sheet1!$B$2:$B$108)* ISNUMBER(SEARCH(J4,Sheet2!$E$2:$E$108))* (E4=Sheet2!$D$2:$D$108), 0), IFERROR(MATCH(1, (B4=Sheet2!$B$2:$B$108)* ISNUMBER(SEARCH(J4,Sheet2!$E$2:$E$108)), 0),0))} -> 0 | N4: =IF(M4=0,FALSE,TRUE) -> FALSE
A5: 01 | B5: Hà Nội | C5: Thành phố Hà Nội | D5: 001 | E5: Ba Đình | F5: Quận Ba Đình | G5: 00007 | H5: Phường | I5: Phường Cống Vị | J5: Cống Vị | K5: 4 | L5: =INDEX([1]Sheet1!$G:$G,K5+1) -> Phường Ngọc Hà | M5: {=IFERROR( MATCH(1, (B5=Sheet1!$B$2:$B$108)* ISNUMBER(SEARCH(J5,Sheet2!$E$2:$E$108))* (E5=Sheet2!$D$2:$D$108), 0), IFERROR(MATCH(1, (B5=Sheet2!$B$2:$B$108)* ISNUMBER(SEARCH(J5,Sheet2!$E$2:$E$108)), 0),0))} -> 4 | N5: =IF(M5=0,FALSE,TRUE) -> TRUE
A6: 01 | B6: Hà Nội | C6: Thành phố Hà Nội | D6: 001 | E6: Ba Đình | F6: Quận Ba Đình | G6: 00008 | H6: Phường | I6: Phường Liễu Giai | J6: Liễu Giai | K6: 4 | L6: =INDEX([1]Sheet1!$G:$G,K6+1) -> Phường Ngọc Hà | M6: {=IFERROR( MATCH(1, (B6=Sheet1!$B$2:$B$108)* ISNUMBER(SEARCH(J6,Sheet2!$E$2:$E$108))* (E6=Sheet2!$D$2:$D$108), 0), IFERROR(MATCH(1, (B6=Sheet2!$B$2:$B$108)* ISNUMBER(SEARCH(J6,Sheet2!$E$2:$E$108)), 0),0))} -> 0 | N6: =IF(M6=0,FALSE,TRUE) -> FALSE
A7: 01 | B7: Hà Nội | C7: Thành phố Hà Nội | D7: 001 | E7: Ba Đình | F7: Quận Ba Đình | G7: 00013 | H7: Phường | I7: Phường Quán Thánh | J7: Quán Thánh | K7: 3 | L7: =INDEX([1]Sheet1!$G:$G,K7+1) -> Phường Ba Đình | M7: {=IFERROR( MATCH(1, (B7=Sheet1!$B$2:$B$108)* ISNUMBER(SEARCH(J7,Sheet2!$E$2:$E$108))* (E7=Sheet2!$D$2:$D$108), 0), IFERROR(MATCH(1, (B7=Sheet2!$B$2:$B$108)* ISNUMBER(SEARCH(J7,Sheet2!$E$2:$E$108)), 0),0))} -> 0 | N7: =IF(M7=0,FALSE,TRUE) -> FALSE
A8: 01 | B8: Hà Nội | C8: Thành phố Hà Nội | D8: 001 | E8: Ba Đình | F8: Quận Ba Đình | G8: 00016 | H8: Phường | I8: Phường Ngọc Hà | J8: Ngọc Hà | K8: 3 | L8: =INDEX([1]Sheet1!$G:$G,K8+1) -> Phường Ba Đình | M8: {=IFERROR( MATCH(1, (B8=Sheet1!$B$2:$B$108)* ISNUMBER(SEARCH(J8,Sheet2!$E$2:$E$108))* (E8=Sheet2!$D$2:$D$108), 0), IFERROR(MATCH(1, (B8=Sheet2!$B$2:$B$108)* ISNUMBER(SEARCH(J8,Sheet2!$E$2:$E$108)), 0),0))} -> 3 | N8: =IF(M8=0,FALSE,TRUE) -> TRUE
A9: 01 | B9: Hà Nội | C9: Thành phố Hà Nội | D9: 001 | E9: Ba Đình | F9: Quận Ba Đình | G9: 00019 | H9: Phường | I9: Phường Điện Biên | J9: Điện Biên | K9: 3 | L9: =INDEX([1]Sheet1!$G:$G,K9+1) -> Phường Ba Đình | M9: {=IFERROR( MATCH(1, (B9=Sheet1!$B$2:$B$108)* ISNUMBER(SEARCH(J9,Sheet2!$E$2:$E$108))* (E9=Sheet2!$D$2:$D$108), 0), IFERROR(MATCH(1, (B9=Sheet2!$B$2:$B$108)* ISNUMBER(SEARCH(J9,Sheet2!$E$2:$E$108)), 0),0))} -> 10 | N9: =IF(M9=0,FALSE,TRUE) -> TRUE
A10: 01 | B10: Hà Nội | C10: Thành phố Hà Nội | D10: 001 | E10: Ba Đình | F10: Quận Ba Đình | G10: 00022 | H10: Phường | I10: Phường Đội Cấn | J10: Đội Cấn | K10: 3 | L10: =INDEX([1]Sheet1!$G:$G,K10+1) -> Phường Ba Đình | M10: {=IFERROR( MATCH(1, (B10=Sheet1!$B$2:$B$108)* ISNUMBER(SEARCH(J10,Sheet2!$E$2:$E$108))* (E10=Sheet2!$D$2:$D$108), 0), IFERROR(MATCH(1, (B10=Sheet2!$B$2:$B$108)* ISNUMBER(SEARCH(J10,Sheet2!$E$2:$E$108)), 0),0))} -> 3 | N10: =IF(M10=0,FALSE,TRUE) -> TRUE
A11: 01 | B11: Hà Nội | C11: Thành phố Hà Nội | D11: 001 | E11: Ba Đình | F11: Quận Ba Đình | G11: 00025 | H11: Phường | I11: Phường Ngọc Khánh | J11: Ngọc Khánh | K11: 4 | L11: =INDEX([1]Sheet1!$G:$G,K11+1) -> Phường Ngọc Hà | M11: {=IFERROR( MATCH(1, (B11=Sheet1!$B$2:$B$108)* ISNUMBER(SEARCH(J11,Sheet2!$E$2:$E$108))* (E11=Sheet2!$D$2:$D$108), 0), IFERROR(MATCH(1, (B11=Sheet2!$B$2:$B$108)* ISNUMBER(SEARCH(J11,Sheet2!$E$2:$E$108)), 0),0))} -> 9 | N11: =IF(M11=0,FALSE,TRUE) -> TRUE
A12: 01 | B12: Hà Nội | C12: Thành phố Hà Nội | D12: 001 | E12: Ba Đình | F12: Quận Ba Đình | G12: 00028 | H12: Phường | I12: Phường Kim Mã | J12: Kim Mã | K12: 3 | L12: =INDEX([1]Sheet1!$G:$G,K12+1) -> Phường Ba Đình | M12: {=IFERROR( MATCH(1, (B12=Sheet1!$B$2:$B$108)* ISNUMBER(SEARCH(J12,Sheet2!$E$2:$E$108))* (E12=Sheet2!$D$2:$D$108), 0), IFERROR(MATCH(1, (B12=Sheet2!$B$2:$B$108)* ISNUMBER(SEARCH(J12,Sheet2!$E$2:$E$108)), 0),0))} -> 4 | N12: =IF(M12=0,FALSE,TRUE) -> TRUE
A13: 01 | B13: Hà Nội | C13: Thành phố Hà Nội | D13: 001 | E13: Ba Đình | F13: Quận Ba Đình | G13: 00031 | H13: Phường | I13: Phường Giảng Võ | J13: Giảng Võ | K13: 5 | L13: =INDEX([1]Sheet1!$G:$G,K13+1) -> Phường Giảng Võ | M13: {=IFERROR( MATCH(1, (B13=Sheet1!$B$2:$B$108)* ISNUMBER(SEARCH(J13,Sheet2!$E$2:$E$108))* (E13=Sheet2!$D$2:$D$108), 0), IFERROR(MATCH(1, (B13=Sheet2!$B$2:$B$108)* ISNUMBER(SEARCH(J13,Sheet2!$E$2:$E$108)), 0),0))} -> 0 | N13: =IF(M13=0,FALSE,TRUE) -> FALSE
... A10036: 96 | B10036: Cà Mau | C10036: Tỉnh Cà Mau | D10036: 973 | E10036: Ngọc Hiển | F10036: Huyện Ngọc Hiển | G10036: 32248 | H10036: Xã | I10036: Xã Đất Mũi | J10036: Đất Mũi | K10036: 3274 | L10036: =INDEX([1]Sheet1!$G:$G,K10036+1) -> Xã Đất Mũi | M10036: {=IFERROR( MATCH(1, (B10036=Sheet1!$B$2:$B$108)* ISNUMBER(SEARCH(J10036,Sheet2!$E$2:$E$108))* (E10036=Sheet2!$D$2:$D$108), 0), IFERROR(MATCH(1, (B10036=Sheet2!$B$2:$B$108)* ISNUMBER(SEARCH(J10036,Sheet2!$E$2:$E$108)), 0),0))} -> 0 | N10036: =IF(M10036=0,FALSE,TRUE) -> FALSE

Sheet Sheet2
A1: Tỉnh thành | B1: Tỉnh thành (trước 2025) | C1: Quận huyện cũ | D1: Quận
A2: Hà Nội | B2: Hà Nội | C2: Quận Hoàn Kiếm | D2: Hoàn Kiếm | E2: Phường Hàng Bông; phường Hàng Trống; phường Tràng Tiền
A3: Hà Nội | B3: Hà Nội | C3: Quận Ba Đình | D3: Ba Đình | E3: Phường Cửa Đông; phường Đồng Xuân
A4: Hà Nội | B4: Hà Nội | C4: Quận Ba Đình | D4: Ba Đình | E4: phường Đội Cấn; phường Ngọc Hà
A5: Hà Nội | B5: Hà Nội | C5: Quận Ba Đình | D5: Ba Đình | E5: phường Cống Vị; phường Kim Mã
A6: Hà Nội | B6: Hà Nội | C6: Quận Hai Bà Trưng | D6: Hai Bà Trưng | E6: Phường Phạm Đình Hổ
A7: Hà Nội | B7: Hà Nội | C7: Quận Hai Bà Trưng | D7: Hai Bà Trưng | E7: phường Thanh Nhàn
A8: Hà Nội | B8: Hà Nội | C8: Quận Đống Đa | D8: Đống Đa | E8: phường Phương Mai; phường Quang Trung
A9: Hà Nội | B9: Hà Nội | C9: Quận Đống Đa | D9: Đống Đa | E9: phường Cửa Nam; phường Lê Đại Hành; phường Nam Đồng; phường Nguyễn Du; phường Phương Liên Trung Tự
A10: Hà Nội | B10: Hà Nội | C10: Quận Đống Đa | D10: Đống Đa | E10: phường Láng Hạ; phường Ngọc Khánh
A11: Hà Nội | B11: Hà Nội | C11: Quận Đống Đa | D11: Đống Đa | E11: phường Cát Linh; phường Điện Biên; phường Thành Công; phường Ô Chợ Dừa; phường Trung Liệt; phường Hàng Bột; phường Văn Miếu Quốc Tử Giám
A12: Hà Nội | B12: Hà Nội | C12: Quận Tây Hồ | D12: Tây Hồ | E12: phường Bạch Đằng
A13: Hà Nội | B13: Hà Nội | C13: Quận Hoàng Mai | D13: Hoàng Mai | E13: phường Thanh Lương
... A108: Cà Mau | B108: Cà Mau | C108: Huyện Cái Nước | D108: Cái Nước | E108: xã Đông Hưng; xã Đông Thới; xã Tân Hưng Đông
